{"accuracy": 0.5643643643643643, "f1": 0.46436726608413836, "precision": 0.7555154643741451, "recall": 0.5643643643643643}