{"accuracy": 0.8466666666666667, "f1": 0.8466904177327048, "precision": 0.8467412807806953, "recall": 0.8466666666666667}